,plant_type,temperature,humidity,soil_moisture,plant_size,light_intensity,pot_volume,water_amount
0,Aloe Vera,28.7,73,51,1,555,8.5,100
1,Petunia,29.1,73,70,0,983,15.6,220
2,Lavender,39.8,73,64,1,677,6.9,65
3,Jasmine,30.4,73,55,0,949,10.1,190
4,Portulaca grandiflora,29.2,78,70,0,137,12.3,50
5,Snake Plant,37.9,77,33,0,278,15.8,130
6,Phalaenopsis,42.7,73,25,0,69,0.7,45
7,Lavender,33,80,66,1,917,7.6,100
8,Petunia,28.7,70,56,1,858,12.4,240
9,Portulaca grandiflora,34.5,72,53,0,954,2.5,30
10,Lavender,41.6,80,50,2,881,13.6,200
11,Aloe Vera,31.5,79,49,0,487,6.4,80
12,Bougainvillea,33.5,72,60,0,912,4.3,95
13,Portulaca grandiflora,45.8,74,53,0,355,1.6,10
14,Hydrangea,36.1,75,48,2,912,14,330
15,Pothos,41.2,72,49,0,181,15.2,190
16,Peace Lily,29.6,79,58,1,770,2,70
17,Petunia,45.6,71,69,2,686,8.7,180
18,Monstera,31.7,80,62,0,857,9.8,180
19,Petunia,41.8,77,68,1,505,13.3,185
20,Aloe Vera,40.4,78,29,2,879,13.7,200
21,Peace Lily,31.1,80,55,0,395,8.6,125
22,Pothos,32,73,22,1,978,12.4,260
23,Portulaca grandiflora,35.1,77,44,0,277,14.9,120
24,Pothos,37.1,74,35,1,145,9,140
25,Mint,45.3,79,53,0,814,9.8,205
26,Portulaca grandiflora,40.7,64,42,0,601,8.8,110
27,Aloe Vera,40.9,75,57,1,292,7.9,100
28,Petunia,42.1,60,32,1,768,1.1,105
29,Peace Lily,37.4,57,69,1,626,2.4,90
30,Portulaca grandiflora,41.3,56,23,1,763,13,200
31,Phalaenopsis,41.8,73,47,2,359,8.7,185
32,Peace Lily,43.6,75,56,2,767,11.4,230
33,Snake Plant,35.5,67,61,0,923,13.2,150
34,Petunia,28.6,56,56,1,668,1.8,100
35,Hydrangea,30.6,76,46,0,274,0.5,45
36,Bougainvillea,34.2,80,27,1,225,9.4,115
37,Bougainvillea,37.5,79,66,1,135,4.7,40
38,Peace Lily,45.8,78,48,2,658,11.6,240
39,Phalaenopsis,34.7,69,23,0,81,10.3,130
40,Mint,39,57,56,2,775,7.2,175
41,Monstera,39.6,74,47,2,612,3,150
42,Pothos,30.9,58,44,0,901,1.1,45
43,Mint,39.3,61,24,1,425,4.2,120
44,Monstera,29.6,79,57,2,215,9.8,150
45,Snake Plant,30.6,72,28,2,260,6,60
46,Bougainvillea,44.7,72,56,2,771,7.4,175
47,Pothos,45.8,75,56,0,607,14.9,220
48,Snake Plant,41.8,78,29,2,76,14.7,100
49,Phalaenopsis,45.9,71,34,1,967,13.7,295
50,Jasmine,33.3,70,51,1,443,14.6,190
51,Snake Plant,31,75,69,0,998,10.5,135
52,Aloe Vera,42,77,55,0,731,4.7,70
53,Snake Plant,43.7,73,60,0,989,13.7,175
54,Jasmine,29.5,75,30,1,626,6.5,200
55,Pothos,30,78,54,1,906,14.4,235
56,Aloe Vera,31.4,78,69,1,270,13.2,65
57,Lavender,32.9,77,51,2,394,3.1,130
58,Monstera,41.3,78,69,1,763,13.3,210
59,Aloe Vera,37.3,77,23,1,261,13.4,160
60,Mint,39.2,77,29,0,544,15.7,215
61,Jasmine,43.4,80,70,2,873,13.1,160
62,Peace Lily,35.9,75,59,2,113,12.7,130
63,Pothos,45.4,75,24,1,618,9.3,165
64,Peace Lily,42.1,58,37,2,785,8.9,225
65,Mint,36.6,80,27,2,598,4,145
66,Pothos,28.1,73,56,2,468,8.8,155
67,Pothos,37.9,67,57,1,188,11.7,135
68,Petunia,38.6,78,67,2,304,5.9,110
69,Jasmine,42.6,55,61,2,862,15.5,220
70,Portulaca grandiflora,41.5,60,66,1,484,6.2,75
71,Aloe Vera,35.4,76,31,2,293,7,125
72,Petunia,41.6,76,45,1,624,6.7,180
73,Bougainvillea,32.9,57,21,1,194,12.5,145
74,Snake Plant,39.9,57,53,2,109,0.8,0
75,Hydrangea,37.2,78,42,0,193,1.2,45
76,Monstera,30.3,64,20,2,178,0.5,30
77,Phalaenopsis,35,60,49,1,458,1.8,80
78,Mint,40.4,73,58,1,634,9.6,180
79,Petunia,40.8,70,61,0,414,15.8,140
80,Aloe Vera,40,80,39,2,342,16,170
81,Pothos,28.3,71,33,1,686,3.3,100
82,Bougainvillea,41.4,73,38,2,580,3.7,115
83,Aloe Vera,43.5,73,30,2,676,5.7,160
84,Portulaca grandiflora,33.5,71,69,1,407,10.7,90
85,Lavender,40.3,77,23,2,237,13,190
86,Monstera,34.1,71,37,1,161,5.9,105
87,Hydrangea,32.5,72,54,0,841,11.6,220
88,Bougainvillea,28.6,76,41,0,986,9.4,160
89,Bougainvillea,40.7,70,42,0,863,6.5,175
90,Petunia,29.1,71,60,2,598,6.4,135
91,Lavender,40.1,74,42,2,708,4.9,160
92,Portulaca grandiflora,39,78,62,1,212,14.3,100
93,Mint,43.3,76,21,0,556,4.1,130
94,Monstera,28.5,70,27,0,234,5.9,115
95,Jasmine,43.6,79,40,2,651,8.1,210
96,Phalaenopsis,45.6,76,25,2,700,10.6,245
97,Hydrangea,45.6,71,36,1,148,2.7,95
98,Monstera,39.1,74,65,1,876,9.8,180
99,Snake Plant,30,76,53,2,793,0.3,0
100,Petunia,39.6,79,37,1,117,6.2,130
101,Monstera,43.2,75,65,1,594,0.1,25
102,Aloe Vera,45.7,77,41,0,86,1.9,30
103,Aloe Vera,31.8,77,64,0,501,6.7,50
104,Monstera,41.6,77,62,1,330,11.1,155
105,Snake Plant,37.8,80,49,1,563,13.8,110
106,Pothos,44.7,71,40,1,237,13.1,165
107,Bougainvillea,37.9,71,38,2,236,11.9,150
108,Phalaenopsis,42.1,72,31,0,775,10.8,200
109,Monstera,43.6,77,49,2,273,15.3,220
110,Peace Lily,35.2,78,52,2,418,15.8,220
111,Pothos,40,73,60,2,422,11.5,170
112,Hydrangea,45.3,79,59,2,389,6.3,185
113,Jasmine,34.2,70,22,1,101,13.2,185
114,Hydrangea,28.9,73,60,1,224,4.4,95
115,Jasmine,28.5,70,69,2,490,8,120
116,Petunia,40.5,71,48,1,74,14.4,170
117,Petunia,33.6,78,29,0,254,13.6,220
118,Snake Plant,49.9,76,26,1,701,13.7,165
119,Peace Lily,33.4,76,48,0,352,11.5,155
120,Snake Plant,41.3,78,28,1,223,15.1,90
121,Jasmine,32.2,73,41,0,577,12.5,145
122,Jasmine,39.7,71,22,1,156,1.1,80
123,Phalaenopsis,32.7,72,61,2,735,3.5,125
124,Hydrangea,40.3,71,49,1,902,6.3,200
125,Bougainvillea,41.9,80,67,0,196,4.3,40
126,Portulaca grandiflora,28.1,79,60,1,244,4.2,35
127,Aloe Vera,31.8,75,21,1,545,2.2,80
128,Mint,36.2,76,31,1,109,9.7,135
129,Petunia,35.4,78,66,0,620,13.8,125
130,Jasmine,36.4,71,58,2,598,6.8,135
131,Bougainvillea,33.2,70,33,0,369,9.7,100
132,Bougainvillea,34.2,77,26,1,754,13.7,170
133,Bougainvillea,40.5,75,31,1,367,4.6,75
134,Hydrangea,28.8,74,43,2,849,6.1,185
135,Lavender,48.6,79,29,2,225,1.5,70
136,Pothos,33.4,72,43,1,650,9.5,170
137,Lavender,43.3,80,40,2,192,11.2,155
138,Phalaenopsis,31.4,80,53,1,495,2.8,85
139,Aloe Vera,30.5,70,49,0,753,13.4,120
140,Monstera,30.4,80,21,2,513,13,185
141,Pothos,44.6,75,23,2,674,0.2,30
142,Portulaca grandiflora,32.8,74,28,0,676,6.5,80
143,Hydrangea,40.2,77,56,1,575,9.9,185
144,Jasmine,30.6,75,30,2,666,2.4,125
145,Peace Lily,34.7,74,36,2,925,13.1,250
146,Peace Lily,45.8,70,60,1,750,3.3,125
147,Pothos,34.7,80,35,1,673,13.3,160
148,Petunia,38.9,76,62,1,274,8.5,110
149,Mint,38.8,76,42,0,789,7.2,160
150,Aloe Vera,38.7,75,43,1,208,11.5,100
151,Portulaca grandiflora,43.6,76,62,0,520,11.2,115
152,Peace Lily,29.9,79,47,2,653,12,185
153,Mint,33.9,71,23,2,901,2.7,145
154,Phalaenopsis,29.9,73,57,0,921,9.7,170
155,Portulaca grandiflora,32.5,57,70,0,926,12.2,105
156,Mint,47.7,61,57,2,270,9.6,150
157,Bougainvillea,28.9,64,44,0,602,5.8,105
158,Phalaenopsis,33.8,78,55,2,984,6.8,190
159,Monstera,36.2,69,23,0,368,9,135
160,Lavender,31.1,66,68,1,308,15.8,110
161,Lavender,34.5,67,49,2,647,13.7,160
162,Mint,32,70,43,1,398,3.5,85
163,Hydrangea,37,66,57,1,703,7.1,185
164,Bougainvillea,35.2,73,52,2,645,3.2,115
165,Bougainvillea,42.7,66,42,2,464,3.4,115
166,Lavender,30.8,56,49,2,596,0.6,55
167,Mint,34.8,65,63,2,334,2.2,95
168,Hydrangea,33.8,57,43,0,479,5,145
169,Pothos,41,71,60,1,611,3,115
170,Hydrangea,34,72,70,0,609,4.8,110
171,Peace Lily,45.1,73,61,2,732,2.9,115
172,Mint,29.8,73,61,2,709,2.9,115
173,Bougainvillea,41.6,77,61,2,913,10,175
174,Peace Lily,39.2,76,59,1,836,5.8,160
175,Mint,43.9,74,64,1,72,1.5,40
176,Monstera,33.1,79,22,0,396,9.9,135
177,Monstera,36.3,77,62,2,760,15.8,225
178,Lavender,32.3,71,23,0,347,9.6,160
179,Bougainvillea,45.5,73,29,1,78,9.9,85
180,Bougainvillea,41.9,70,44,2,379,2.1,90
181,Mint,45.5,73,22,0,867,5.7,165
182,Jasmine,38.8,76,23,2,970,9,245
183,Lavender,39.7,72,60,0,842,12.1,155
184,Jasmine,36.9,79,47,1,74,7.8,115
185,Phalaenopsis,43.7,71,20,2,943,2.1,165
186,Portulaca grandiflora,42.5,80,23,1,973,3.5,100
187,Lavender,35.8,77,21,0,142,13.1,130
188,Pothos,28.3,76,70,2,192,13.2,115
189,Aloe Vera,43.9,74,60,1,103,2.7,30
190,Jasmine,40.7,72,47,2,86,8.3,145
191,Mint,36,80,62,0,895,4.8,135
192,Hydrangea,44,71,38,2,138,0.2,35
193,Snake Plant,43.9,72,32,0,882,14.5,140
194,Lavender,38.2,78,21,2,895,6.7,185
195,Snake Plant,45.7,75,32,0,427,13.8,100
196,Monstera,52.1,79,20,0,251,10.6,140
197,Phalaenopsis,32.8,72,52,0,771,1.2,95
198,Mint,33.3,76,55,0,712,6.6,120
199,Phalaenopsis,39.7,70,68,2,290,10.8,140
200,Pothos,34.7,76,60,2,986,15.1,220
201,Bougainvillea,36.4,80,44,2,778,7.7,155
202,Aloe Vera,42,70,57,0,327,10.5,60
203,Phalaenopsis,41.2,79,59,2,996,13,220
204,Monstera,29.7,76,54,1,604,4.5,130
205,Hydrangea,41.9,72,54,0,115,10.5,100